date,nav
02-01-13,11.0257
03-01-13,11.0789
04-01-13,11.0692
07-01-13,11.0751
08-01-13,11.0542
09-01-13,11.0343
10-01-13,11.0157
11-01-13,10.885
14-01-13,11.0347
15-01-13,11.0652
16-01-13,10.9218
17-01-13,10.9362
18-01-13,10.8932
21-01-13,10.917
22-01-13,10.811
23-01-13,10.7659
24-01-13,10.5898
25-01-13,10.7493
28-01-13,10.7628
29-01-13,10.6847
30-01-13,10.6716
31-01-13,10.7503
01-02-13,10.7783
04-02-13,10.7421
05-02-13,10.6978
06-02-13,10.7397
07-02-13,10.6651
08-02-13,10.6016
11-02-13,10.5977
12-02-13,10.6276
13-02-13,10.5568
14-02-13,10.4197
15-02-13,10.4449
18-02-13,10.4856
19-02-13,10.5778
20-02-13,10.5627
21-02-13,10.3538
22-02-13,10.3881
25-02-13,10.3344
26-02-13,10.211
27-02-13,10.3224
28-02-13,10.0957
01-03-13,10.1816
04-03-13,10.0977
05-03-13,10.2366
06-03-13,10.2868
07-03-13,10.3229
08-03-13,10.4296
11-03-13,10.4434
12-03-13,10.353
13-03-13,10.2002
14-03-13,10.2925
15-03-13,10.2464
18-03-13,10.2407
19-03-13,10.0457
20-03-13,9.8588
21-03-13,9.7911
22-03-13,9.7878
25-03-13,9.7298
26-03-13,9.7452
28-03-13,9.8964
01-04-13,9.9817
02-04-13,10.116
03-04-13,10.0041
04-04-13,9.8585
05-04-13,9.8541
08-04-13,9.8847
09-04-13,9.8095
10-04-13,9.898
11-04-13,9.9227
12-04-13,9.9817
15-04-13,9.9532
16-04-13,10.0908
17-04-13,10.122
18-04-13,10.2441
22-04-13,10.3912
23-04-13,10.347
25-04-13,10.418
26-04-13,10.3767
29-04-13,10.4844
30-04-13,10.5766
02-05-13,10.7269
03-05-13,10.7023
06-05-13,10.77
07-05-13,10.8724
08-05-13,10.8503
09-05-13,10.8182
10-05-13,10.9012
13-05-13,10.7879
14-05-13,10.825
15-05-13,11.0157
16-05-13,11.1041
17-05-13,11.1919
20-05-13,11.0678
21-05-13,10.9948
22-05-13,10.9569
23-05-13,10.7953
24-05-13,10.8668
27-05-13,10.9941
28-05-13,11.0096
29-05-13,10.9584
30-05-13,10.9475
31-05-13,10.8648
03-06-13,10.9129
04-06-13,10.978
05-06-13,10.9933
06-06-13,10.9541
07-06-13,10.8334
10-06-13,10.6992
11-06-13,10.5089
12-06-13,10.3638
13-06-13,10.2096
14-06-13,10.3544
17-06-13,10.4704
18-06-13,10.5083
19-06-13,10.5768
20-06-13,10.3356
21-06-13,10.2165
24-06-13,9.9938
25-06-13,9.9796
26-06-13,9.9627
27-06-13,10.0295
28-06-13,10.2429
01-07-13,10.5334
02-07-13,10.4621
03-07-13,10.2982
04-07-13,10.3635
05-07-13,10.3716
08-07-13,10.3732
09-07-13,10.5119
10-07-13,10.4653
11-07-13,10.5449
12-07-13,10.6053
15-07-13,10.6943
16-07-13,10.5665
17-07-13,10.497
18-07-13,10.6547
19-07-13,10.5837
22-07-13,10.5498
23-07-13,10.6103
24-07-13,10.3986
25-07-13,10.3314
26-07-13,10.2286
29-07-13,10.0934
30-07-13,9.8889
31-07-13,9.8986
01-08-13,9.744
02-08-13,9.6155
05-08-13,9.6861
06-08-13,9.4532
07-08-13,9.5823
08-08-13,9.6518
12-08-13,9.7703
13-08-13,9.9648
14-08-13,10.0455
16-08-13,9.651
19-08-13,9.4227
20-08-13,9.3455
21-08-13,9.2069
22-08-13,9.3128
23-08-13,9.4415
26-08-13,9.4902
27-08-13,9.1907
28-08-13,9.0799
29-08-13,9.2454
30-08-13,9.3355
02-09-13,9.4734
03-09-13,9.1922
04-09-13,9.328
05-09-13,9.5267
06-09-13,9.5872
10-09-13,9.8455
11-09-13,9.964
12-09-13,9.8235
13-09-13,9.8624
16-09-13,9.8484
17-09-13,9.8184
18-09-13,9.873
19-09-13,10.2226
20-09-13,10.1602
23-09-13,10.0278
24-09-13,10.0343
25-09-13,10.0768
26-09-13,10.0818
27-09-13,10.0924
30-09-13,9.9598
01-10-13,10.0319
03-10-13,10.2056
04-10-13,10.2469
07-10-13,10.3039
08-10-13,10.2982
09-10-13,10.4129
10-10-13,10.4868
11-10-13,10.5034
14-10-13,10.5272
15-10-13,10.4314
17-10-13,10.3789
18-10-13,10.5375
21-10-13,10.7018
22-10-13,10.7429
23-10-13,10.7336
24-10-13,10.7056
25-10-13,10.6157
28-10-13,10.4908
29-10-13,10.6698
30-10-13,10.7315
31-10-13,10.8387
01-11-13,10.9126
05-11-13,10.9306
06-11-13,10.8805
07-11-13,10.7084
08-11-13,10.7269
11-11-13,10.6425
12-11-13,10.5928
13-11-13,10.5464
14-11-13,10.7496
18-11-13,10.9238
19-11-13,10.921
20-11-13,10.8221
21-11-13,10.6348
22-11-13,10.6653
25-11-13,10.8283
26-11-13,10.7907
27-11-13,10.7932
28-11-13,10.8604
29-11-13,10.994
02-12-13,11.0717
03-12-13,11.0313
04-12-13,10.9552
05-12-13,11.0315
06-12-13,11.0587
09-12-13,11.1754
10-12-13,11.1016
11-12-13,11.0291
12-12-13,10.9409
13-12-13,10.8091
16-12-13,10.9157
17-12-13,10.9439
18-12-13,11.1003
19-12-13,11.1005
20-12-13,11.2629
23-12-13,11.3234
24-12-13,11.3406
26-12-13,11.3666
27-12-13,11.4582
30-12-13,11.4367
31-12-13,11.4829
01-01-14,11.5307
02-01-14,11.2942
03-01-14,11.3516
06-01-14,11.369
07-01-14,11.2554
08-01-14,11.2862
09-01-14,11.193
10-01-14,11.1617
13-01-14,11.1509
14-01-14,11.1526
15-01-14,11.1981
16-01-14,11.0907
17-01-14,10.9547
20-01-14,11.0743
21-01-14,11.0836
22-01-14,11.1094
23-01-14,11.0882
24-01-14,10.9079
27-01-14,10.5928
28-01-14,10.577
29-01-14,10.6356
30-01-14,10.4349
31-01-14,10.6651
03-02-14,10.5591
04-02-14,10.6012
05-02-14,10.657
06-02-14,10.6964
07-02-14,10.7228
10-02-14,10.6648
11-02-14,10.6679
12-02-14,10.6503
13-02-14,10.5017
14-02-14,10.5195
17-02-14,10.5259
18-02-14,10.6274
19-02-14,10.6698
20-02-14,10.6484
21-02-14,10.7261
24-02-14,10.7192
25-02-14,10.7372
26-02-14,10.7257
28-02-14,10.8511
03-03-14,10.8391
04-03-14,10.9421
05-03-14,11.0306
06-03-14,11.1575
07-03-14,11.2685
10-03-14,11.3276
11-03-14,11.2301
12-03-14,11.2352
13-03-14,11.1654
14-03-14,11.184
18-03-14,11.3511
19-03-14,11.404
20-03-14,11.316
21-03-14,11.3786
24-03-14,11.4758
25-03-14,11.53
26-03-14,11.5456
27-03-14,11.6077
28-03-14,11.8305
31-03-14,11.981
01-04-14,11.9427
02-04-14,12.092
03-04-14,12.0035
04-04-14,12.0067
07-04-14,12.0133
09-04-14,12.2102
10-04-14,12.3569
11-04-14,12.2983
15-04-14,12.0907
16-04-14,12.0001
17-04-14,12.1623
21-04-14,12.292
22-04-14,12.3138
23-04-14,12.3116
25-04-14,12.3556
28-04-14,12.3753
29-04-14,12.2602
30-04-14,12.1063
02-05-14,12.1668
05-05-14,12.1581
06-05-14,12.1867
07-05-14,12.1048
08-05-14,12.0842
09-05-14,12.3543
12-05-14,12.4928
13-05-14,12.7638
14-05-14,12.9921
15-05-14,12.9244
16-05-14,13.221
19-05-14,13.7415
20-05-14,13.7748
21-05-14,13.7758
22-05-14,13.9361
23-05-14,14.1632
26-05-14,13.9049
27-05-14,13.7287
28-05-14,13.7961
29-05-14,13.6442
30-05-14,13.6831
02-06-14,13.9094
03-06-14,14.0235
04-06-14,14.1381
05-06-14,14.3362
06-06-14,14.6085
09-06-14,14.7048
10-06-14,14.6379
11-06-14,14.4441
12-06-14,14.4312
13-06-14,14.0501
16-06-14,14.077
17-06-14,14.2734
18-06-14,14.1725
19-06-14,14.0697
20-06-14,14.0283
23-06-14,14.0829
24-06-14,14.2622
25-06-14,14.2608
26-06-14,14.1939
27-06-14,14.2576
30-06-14,14.5382
01-07-14,14.6465
02-07-14,14.9413
03-07-14,14.9023
04-07-14,14.9437
07-07-14,14.9493
08-07-14,14.3392
09-07-14,14.1637
10-07-14,14.2567
11-07-14,13.8557
14-07-14,13.9426
15-07-14,14.2536
16-07-14,14.3975
17-07-14,14.5497
18-07-14,14.4892
21-07-14,14.4801
22-07-14,14.5444
23-07-14,14.486
24-07-14,14.5205
25-07-14,14.3166
28-07-14,14.3064
30-07-14,14.4235
31-07-14,14.4088
01-08-14,14.3141
04-08-14,14.4929
05-08-14,14.5565
06-08-14,14.4862
07-08-14,14.4642
08-08-14,14.2158
11-08-14,14.3534
12-08-14,14.4713
13-08-14,14.3625
14-08-14,14.5142
18-08-14,14.7393
19-08-14,14.897
20-08-14,14.9298
21-08-14,15.0369
22-08-14,15.0616
25-08-14,14.8938
26-08-14,14.8867
27-08-14,14.9168
28-08-14,14.8735
01-09-14,15.2004
02-09-14,15.3087
03-09-14,15.4231
04-09-14,15.4077
05-09-14,15.4163
08-09-14,15.606
09-09-14,15.6767
10-09-14,15.524
11-09-14,15.598
12-09-14,15.6325
15-09-14,15.5805
16-09-14,15.1136
17-09-14,15.2176
18-09-14,15.5342
19-09-14,15.4206
22-09-14,15.4208
23-09-14,15.1
24-09-14,15.0372
25-09-14,14.7882
26-09-14,15.0194
29-09-14,15.1075
30-09-14,15.1091
01-10-14,15.0441
07-10-14,14.8372
08-10-14,14.8299
09-10-14,15.113
10-10-14,14.843
13-10-14,14.9148
14-10-14,14.9612
16-10-14,14.5502
17-10-14,14.7354
20-10-14,14.963
21-10-14,15.0821
22-10-14,15.2421
27-10-14,15.2397
28-10-14,15.285
29-10-14,15.3675
30-10-14,15.4797
31-10-14,15.728
03-11-14,15.8206
05-11-14,15.7784
07-11-14,15.8846
10-11-14,15.9104
11-11-14,16.0052
12-11-14,16.1775
13-11-14,16.1214
14-11-14,16.2049
17-11-14,16.3227
18-11-14,16.4936
19-11-14,16.3614
20-11-14,16.4171
21-11-14,16.4179
24-11-14,16.4725
25-11-14,16.2277
26-11-14,16.2214
27-11-14,16.3049
28-11-14,16.4657
01-12-14,16.4614
02-12-14,16.5515
03-12-14,16.7756
04-12-14,16.815
05-12-14,16.6989
08-12-14,16.513
09-12-14,16.2416
10-12-14,16.4176
11-12-14,16.2795
12-12-14,16.0834
15-12-14,16.0218
16-12-14,15.5885
17-12-14,15.5468
18-12-14,16.0554
19-12-14,16.0872
22-12-14,16.2312
23-12-14,16.1003
24-12-14,16.0715
26-12-14,16.1517
29-12-14,16.285
30-12-14,16.4333
31-12-14,16.5613
01-01-15,16.6108
02-01-15,16.74
05-01-15,16.7126
06-01-15,16.244
07-01-15,16.2413
08-01-15,16.5457
09-01-15,16.5215
12-01-15,16.5907
13-01-15,16.5685
14-01-15,16.5659
15-01-15,16.7782
16-01-15,16.8931
19-01-15,16.9579
20-01-15,16.991
21-01-15,17.0322
22-01-15,17.0666
23-01-15,17.2476
27-01-15,17.3248
28-01-15,17.4361
29-01-15,17.4221
30-01-15,17.3181
02-02-15,17.4678
03-02-15,17.312
04-02-15,17.1905
05-02-15,16.9984
06-02-15,16.8983
09-02-15,16.5999
10-02-15,16.7777
11-02-15,17.0764
12-02-15,17.3239
13-02-15,17.4018
16-02-15,17.313
18-02-15,17.4211
19-02-15,17.4023
20-02-15,17.446
23-02-15,17.3108
24-02-15,17.302
25-02-15,17.2686
26-02-15,17.0843
27-02-15,17.4566
02-03-15,17.6756
03-03-15,17.7955
04-03-15,17.5995
05-03-15,17.6987
09-03-15,17.4773
10-03-15,17.5026
11-03-15,17.4585
12-03-15,17.7701
13-03-15,17.5121
16-03-15,17.3804
17-03-15,17.6416
18-03-15,17.6818
19-03-15,17.6166
20-03-15,17.3483
23-03-15,17.1979
24-03-15,17.1427
25-03-15,17.1493
26-03-15,16.9462
27-03-15,16.892
30-03-15,17.1525
31-03-15,17.1816
01-04-15,17.3491
06-04-15,17.5097
07-04-15,17.6912
08-04-15,17.8262
09-04-15,17.8491
10-04-15,17.9676
13-04-15,18.1076
15-04-15,17.9602
16-04-15,17.8428
17-04-15,17.5768
20-04-15,17.2285
21-04-15,17.1174
22-04-15,17.1273
23-04-15,17.1818
24-04-15,16.9331
27-04-15,16.6245
28-04-15,16.8999
29-04-15,16.9391
30-04-15,16.9607
04-05-15,17.2505
05-05-15,17.377
06-05-15,16.8264
07-05-15,16.3882
08-05-15,16.7361
11-05-15,17.1026
12-05-15,16.7825
13-05-15,17.1326
14-05-15,17.3431
15-05-15,17.3992
18-05-15,17.6038
19-05-15,17.5954
20-05-15,17.6118
21-05-15,17.5566
22-05-15,17.5748
25-05-15,17.5662
26-05-15,17.5412
27-05-15,17.4301
28-05-15,17.3077
29-05-15,17.5
01-06-15,17.4143
02-06-15,17.0597
03-06-15,16.8418
04-06-15,16.8769
05-06-15,16.9208
08-06-15,16.6949
09-06-15,16.6578
10-06-15,16.8221
11-06-15,16.57
12-06-15,16.6038
15-06-15,16.6278
16-06-15,16.7302
17-06-15,16.9938
18-06-15,17.0717
19-06-15,17.166
22-06-15,17.4223
23-06-15,17.4441
24-06-15,17.3493
25-06-15,17.4467
26-06-15,17.422
29-06-15,17.2244
30-06-15,17.431
01-07-15,17.6401
02-07-15,17.835
03-07-15,17.8161
06-07-15,17.9484
07-07-15,18.0297
08-07-15,17.8294
09-07-15,17.8106
10-07-15,17.8011
13-07-15,18.0071
14-07-15,18.0437
15-07-15,18.042
16-07-15,18.2674
17-07-15,18.3753
20-07-15,18.3843
21-07-15,18.0953
22-07-15,18.2871
23-07-15,18.3076
24-07-15,18.1721
27-07-15,17.9504
28-07-15,17.9057
29-07-15,17.9889
30-07-15,18.1334
31-07-15,18.3449
03-08-15,18.505
04-08-15,18.7806
05-08-15,18.9502
06-08-15,19.0355
07-08-15,18.9757
10-08-15,18.9792
11-08-15,18.8662
12-08-15,18.4157
13-08-15,18.3537
14-08-15,18.7365
17-08-15,18.8333
18-08-15,18.9211
19-08-15,18.9366
20-08-15,18.6938
21-08-15,18.5531
24-08-15,17.0392
25-08-15,17.406
26-08-15,17.2722
27-08-15,17.734
28-08-15,17.8159
31-08-15,17.7107
01-09-15,17.4114
02-09-15,17.2814
03-09-15,17.4714
04-09-15,17.1341
07-09-15,16.7354
08-09-15,16.7975
09-09-15,17.1301
10-09-15,17.2166
11-09-15,17.2187
14-09-15,17.4827
15-09-15,17.3359
16-09-15,17.2142
18-09-15,17.351
21-09-15,17.3747
22-09-15,17.1393
23-09-15,17.1016
24-09-15,17.1041
28-09-15,16.9706
29-09-15,16.9956
30-09-15,17.32
01-10-15,17.4446
05-10-15,17.791
06-10-15,17.8355
07-10-15,17.8389
08-10-15,17.6228
09-10-15,17.6128
12-10-15,17.6079
13-10-15,17.5739
14-10-15,17.5893
15-10-15,17.6265
16-10-15,17.6598
19-10-15,17.7681
20-10-15,17.7736
21-10-15,17.689
23-10-15,17.6017
26-10-15,17.5285
27-10-15,17.5759
28-10-15,17.5274
29-10-15,17.4285
30-10-15,17.4191
02-11-15,17.4573
03-11-15,17.5541
04-11-15,17.5659
05-11-15,17.3447
06-11-15,17.2856
09-11-15,17.3903
10-11-15,17.0752
13-11-15,17.0388
16-11-15,16.9466
17-11-15,17.0444
18-11-15,16.9629
19-11-15,17.1523
20-11-15,17.2715
23-11-15,17.3085
24-11-15,17.3353
26-11-15,17.3525
27-11-15,17.3996
30-11-15,17.3428
01-12-15,17.5195
02-12-15,17.5394
03-12-15,17.4126
04-12-15,17.2737
07-12-15,17.2843
08-12-15,17.121
09-12-15,16.8105
10-12-15,16.9423
11-12-15,16.8072
14-12-15,16.89
15-12-15,16.9985
16-12-15,17.0555
17-12-15,17.3051
18-12-15,17.3095
21-12-15,17.4255
22-12-15,17.3896
23-12-15,17.4894
24-12-15,17.5024
28-12-15,17.5583
29-12-15,17.6125
30-12-15,17.5574
31-12-15,17.667
01-01-16,17.8339
04-01-16,17.6498
05-01-16,17.7466
06-01-16,17.6894
07-01-16,17.1672
08-01-16,17.3319
11-01-16,17.1429
12-01-16,17.0431
13-01-16,16.9868
14-01-16,16.8421
15-01-16,16.4091
18-01-16,15.9891
19-01-16,16.1941
20-01-16,15.8925
21-01-16,15.7
22-01-16,16.0441
25-01-16,16.0592
27-01-16,16.0692
28-01-16,16.0039
29-01-16,16.2946
01-02-16,16.3602
02-02-16,16.0386
03-02-16,15.83
04-02-16,15.8289
05-02-16,16.1914
08-02-16,16.1475
09-02-16,15.8067
10-02-16,15.5982
11-02-16,15.1234
12-02-16,15.126
15-02-16,15.6267
16-02-16,15.2468
17-02-16,15.3208
18-02-16,15.4052
19-02-16,15.4148
22-02-16,15.5243
23-02-16,15.3532
24-02-16,15.158
25-02-16,15.0844
26-02-16,15.1915
29-02-16,15.2294
01-03-16,15.7136
02-03-16,15.917
03-03-16,16.0307
04-03-16,16.1627
08-03-16,16.1873
09-03-16,16.2257
10-03-16,16.1599
11-03-16,16.207
14-03-16,16.2549
15-03-16,16.1007
16-03-16,16.0428
17-03-16,16.1781
18-03-16,16.2774
21-03-16,16.5069
22-03-16,16.5803
23-03-16,16.6037
28-03-16,16.3679
29-03-16,16.3709
30-03-16,16.6239
31-03-16,16.7083
01-04-16,16.6532
04-04-16,16.6954
05-04-16,16.453
06-04-16,16.5528
07-04-16,16.4837
08-04-16,16.5638
11-04-16,16.7064
12-04-16,16.824
13-04-16,17.0117
18-04-16,17.1804
20-04-16,17.2013
21-04-16,17.1953
22-04-16,17.221
25-04-16,17.1135
26-04-16,17.2157
27-04-16,17.2688
28-04-16,17.067
29-04-16,17.1393
02-05-16,17.4076
03-05-16,17.2644
04-05-16,16.9943
05-05-16,17.0183
06-05-16,17.1078
09-05-16,17.2385
10-05-16,17.246
11-05-16,17.2607
12-05-16,17.434
13-05-16,17.2757
16-05-16,17.2627
17-05-16,17.2728
18-05-16,17.2766
19-05-16,17.08
20-05-16,16.9698
23-05-16,16.9308
24-05-16,16.8905
25-05-16,17.0742
26-05-16,17.2618
27-05-16,17.514
30-05-16,17.5889
31-05-16,17.5132
01-06-16,17.523
02-06-16,17.6381
03-06-16,17.6436
06-06-16,17.5461
07-06-16,17.6236
08-06-16,17.7124
09-06-16,17.66
10-06-16,17.5672
13-06-16,17.4434
14-06-16,17.4816
15-06-16,17.6033
16-06-16,17.5912
17-06-16,17.5907
20-06-16,17.6843
21-06-16,17.7237
22-06-16,17.7272
23-06-16,17.7494
24-06-16,17.5033
27-06-16,17.6721
28-06-16,17.8066
29-06-16,17.9855
30-06-16,18.2272
01-07-16,18.4864
04-07-16,18.6311
05-07-16,18.6134
07-07-16,18.5914
08-07-16,18.6393
11-07-16,18.9421
12-07-16,19.0919
13-07-16,19.0178
14-07-16,19.1008
15-07-16,19.1562
18-07-16,19.0271
19-07-16,19.0924
20-07-16,19.2402
21-07-16,19.2634
22-07-16,19.5091
25-07-16,19.7184
26-07-16,19.7038
27-07-16,19.8216
28-07-16,19.9092
29-07-16,19.9459
01-08-16,20.003
02-08-16,19.8692
03-08-16,19.5307
04-08-16,19.6451
05-08-16,20.0181
08-08-16,20.2216
09-08-16,20.104
10-08-16,19.7794
11-08-16,19.8336
12-08-16,20.0219
16-08-16,20.1164
17-08-16,20.2502
18-08-16,20.3321
19-08-16,20.3817
22-08-16,20.2691
23-08-16,20.153
24-08-16,20.3302
25-08-16,20.2206
26-08-16,20.2754
29-08-16,20.2926
30-08-16,20.4356
31-08-16,20.463
01-09-16,20.4238
02-09-16,20.5003
06-09-16,20.8279
07-09-16,20.8769
08-09-16,20.9579
09-09-16,20.7718
12-09-16,20.1906
14-09-16,20.3997
15-09-16,20.3119
16-09-16,20.3609
19-09-16,20.4185
20-09-16,20.4206
21-09-16,20.4076
22-09-16,20.6706
23-09-16,20.6935
26-09-16,20.6211
27-09-16,20.5987
28-09-16,20.7371
29-09-16,20.0192
30-09-16,20.4042
03-10-16,20.9435
04-10-16,21.086
05-10-16,21.1243
06-10-16,21.1039
07-10-16,21.0555
10-10-16,21.0144
13-10-16,20.6923
14-10-16,20.7784
17-10-16,20.6565
18-10-16,21.0153
19-10-16,21.0764
20-10-16,21.1014
21-10-16,21.1382
24-10-16,21.0817
25-10-16,21.1022
26-10-16,20.895
27-10-16,20.6632
28-10-16,20.9403
01-11-16,21.0541
02-11-16,20.6948
03-11-16,20.4259
04-11-16,20.1767
07-11-16,20.3217
08-11-16,20.3933
09-11-16,20.0223
10-11-16,20.3307
11-11-16,19.6688
15-11-16,18.8185
16-11-16,18.9535
17-11-16,18.9532
18-11-16,19.0406
21-11-16,18.5707
22-11-16,18.8635
23-11-16,19.1272
24-11-16,19.1165
25-11-16,19.4209
28-11-16,19.5611
29-11-16,19.5797
30-11-16,19.8028
01-12-16,19.6183
02-12-16,19.363
05-12-16,19.5369
06-12-16,19.586
07-12-16,19.5664
08-12-16,19.9137
09-12-16,19.8522
12-12-16,19.6114
13-12-16,19.5228
14-12-16,19.3482
15-12-16,19.3175
16-12-16,19.2848
19-12-16,19.1592
20-12-16,19.0041
21-12-16,18.993
22-12-16,18.6712
23-12-16,18.5885
26-12-16,18.2627
27-12-16,18.6005
28-12-16,18.6789
29-12-16,18.8982
30-12-16,19.1073
02-01-17,19.2742
03-01-17,19.4265
04-01-17,19.4014
05-01-17,19.7081
06-01-17,19.6633
09-01-17,19.6729
10-01-17,19.8727
11-01-17,20.1234
12-01-17,20.1939
13-01-17,20.2157
16-01-17,20.3409
17-01-17,20.3312
18-01-17,20.4547
19-01-17,20.5244
20-01-17,20.2256
23-01-17,20.3989
24-01-17,20.6132
25-01-17,20.8845
27-01-17,20.9939
30-01-17,21.1097
31-01-17,20.7791
01-02-17,21.2002
02-02-17,21.341
03-02-17,21.3644
06-02-17,21.5979
07-02-17,21.5313
08-02-17,21.6353
09-02-17,21.7013
10-02-17,21.6535
13-02-17,21.6605
14-02-17,21.4596
15-02-17,21.195
16-02-17,21.5583
17-02-17,21.7056
20-02-17,21.8417
21-02-17,22.0254
22-02-17,21.8945
23-02-17,21.8189
27-02-17,21.7938
28-02-17,21.8569
01-03-17,21.9209
02-03-17,21.6109
03-03-17,21.6004
06-03-17,21.7194
07-03-17,21.699
08-03-17,21.6286
09-03-17,21.598
10-03-17,21.5556
14-03-17,21.8958
15-03-17,22.0359
16-03-17,22.3539
17-03-17,22.346
20-03-17,22.3483
21-03-17,22.2255
22-03-17,22.0212
23-03-17,22.2395
24-03-17,22.2728
27-03-17,22.1804
28-03-17,22.3474
29-03-17,22.3877
30-03-17,22.4916
31-03-17,22.6056
03-04-17,22.6919
05-04-17,22.9211
06-04-17,22.9966
07-04-17,22.9884
10-04-17,23.1483
11-04-17,23.338
12-04-17,23.3756
13-04-17,23.3372
17-04-17,23.2837
18-04-17,23.0411
19-04-17,23.1899
20-04-17,23.2711
21-04-17,23.3223
24-04-17,23.5136
25-04-17,23.8674
26-04-17,23.819
27-04-17,23.7067
28-04-17,23.7447
02-05-17,23.862
03-05-17,23.8473
04-05-17,23.9116
05-05-17,23.5813
08-05-17,23.6795
09-05-17,23.8647
10-05-17,24.1655
11-05-17,24.2023
12-05-17,24.0908
15-05-17,24.2884
16-05-17,24.2861
17-05-17,24.1726
18-05-17,23.6869
19-05-17,23.5526
22-05-17,23.359
23-05-17,23.0494
24-05-17,22.7082
25-05-17,22.9375
26-05-17,23.4441
29-05-17,23.2163
30-05-17,23.3829
31-05-17,23.4793
01-06-17,23.5383
02-06-17,23.6803
05-06-17,23.8609
06-06-17,23.6883
07-06-17,23.83
08-06-17,23.9055
09-06-17,23.9956
12-06-17,23.9592
13-06-17,23.9833
14-06-17,23.9139
15-06-17,23.8846
16-06-17,23.9513
19-06-17,24.0386
20-06-17,24.0695
21-06-17,24.078
22-06-17,23.9183
23-06-17,23.618
27-06-17,23.4474
28-06-17,23.5106
29-06-17,23.5228
30-06-17,23.7011
03-07-17,23.9963
04-07-17,23.9607
05-07-17,24.1479
06-07-17,24.2515
07-07-17,24.2558
10-07-17,24.4626
11-07-17,24.3143
12-07-17,24.5341
13-07-17,24.7372
14-07-17,24.7471
17-07-17,24.7805
18-07-17,24.625
19-07-17,24.9518
20-07-17,24.855
21-07-17,24.9234
24-07-17,24.9521
25-07-17,25.0202
26-07-17,25.042
27-07-17,24.9102
28-07-17,25.0718
31-07-17,25.2163
01-08-17,25.1717
02-08-17,25.0465
03-08-17,25.0958
04-08-17,25.3922
07-08-17,25.7318
08-08-17,25.423
09-08-17,24.9837
10-08-17,24.3117
11-08-17,24.2921
14-08-17,24.824
16-08-17,25.0644
17-08-17,25.0501
18-08-17,25.0004
21-08-17,24.6057
22-08-17,24.477
23-08-17,24.8091
24-08-17,25.0198
28-08-17,25.2574
29-08-17,24.9886
30-08-17,25.3603
31-08-17,25.3487
01-09-17,25.6002
04-09-17,25.4619
05-09-17,25.6005
06-09-17,25.6348
07-09-17,25.8237
08-09-17,25.6405
11-09-17,25.829
12-09-17,26.0595
13-09-17,25.9722
14-09-17,26.0717
15-09-17,26.0137
18-09-17,26.1093
19-09-17,26.179
20-09-17,26.1083
21-09-17,25.9379
22-09-17,25.2713
25-09-17,24.9437
26-09-17,25.0008
27-09-17,24.5405
28-09-17,24.6146
29-09-17,24.9151
03-10-17,25.1446
04-10-17,25.1878
05-10-17,25.2597
06-10-17,25.4566
09-10-17,25.4934
10-10-17,25.646
11-10-17,25.4893
12-10-17,25.7684
13-10-17,25.8094
16-10-17,25.8715
17-10-17,25.9922
18-10-17,25.9539
23-10-17,25.9445
24-10-17,25.8954
25-10-17,26.2216
26-10-17,26.3251
27-10-17,26.5058
30-10-17,26.7888
31-10-17,26.7606
01-11-17,26.9924
02-11-17,27.0992
03-11-17,27.1199
06-11-17,27.2994
07-11-17,26.8904
08-11-17,26.6828
09-11-17,26.8581
10-11-17,26.8028
13-11-17,26.6172
14-11-17,26.5337
15-11-17,26.2325
16-11-17,26.5296
17-11-17,26.8875
20-11-17,26.9135
21-11-17,26.9548
22-11-17,26.918
23-11-17,26.9079
24-11-17,27.0209
27-11-17,27.0959
28-11-17,27.136
29-11-17,27.1272
30-11-17,26.894
01-12-17,26.6298
04-12-17,26.6446
05-12-17,26.6635
06-12-17,26.4037
07-12-17,26.8388
08-12-17,27.0941
11-12-17,27.1696
12-12-17,26.9035
13-12-17,26.6423
14-12-17,26.6523
15-12-17,26.8753
18-12-17,27.1282
19-12-17,27.5106
20-12-17,27.516
21-12-17,27.6439
22-12-17,27.7657
26-12-17,27.8836
27-12-17,27.7513
28-12-17,27.7649
29-12-17,27.9394
01-01-18,27.8811
02-01-18,27.7915
03-01-18,27.945
04-01-18,28.2318
05-01-18,28.5791
08-01-18,28.7747
09-01-18,28.6535
10-01-18,28.6058
11-01-18,28.577
12-01-18,28.5844
15-01-18,28.5247
16-01-18,28.0672
17-01-18,28.2662
18-01-18,27.8991
19-01-18,28.1061
22-01-18,28.3118
23-01-18,28.5088
24-01-18,28.3434
25-01-18,27.9666
29-01-18,27.857
30-01-18,27.6997
31-01-18,27.5101
01-02-18,27.5312
02-02-18,26.7576
05-02-18,26.6692
06-02-18,26.3007
07-02-18,26.491
08-02-18,26.9196
09-02-18,26.8314
12-02-18,27.2288
14-02-18,27.1736
15-02-18,26.958
16-02-18,26.6704
19-02-18,26.3886
20-02-18,26.5136
21-02-18,26.4125
22-02-18,26.1752
23-02-18,26.5801
26-02-18,26.8197
27-02-18,26.7208
28-02-18,26.6044
01-03-18,26.4248
05-03-18,26.1495
06-03-18,25.9177
07-03-18,25.6265
08-03-18,25.6086
09-03-18,25.6188
12-03-18,25.8089
13-03-18,26.1248
14-03-18,26.1544
15-03-18,26.1654
16-03-18,25.9368
19-03-18,25.5587
20-03-18,25.6815
21-03-18,25.7877
22-03-18,25.6913
23-03-18,25.5368
26-03-18,25.9128
27-03-18,26.1209
28-03-18,25.8559
02-04-18,26.363
03-04-18,26.6677
04-04-18,26.3739
05-04-18,26.8389
06-04-18,27.1397
09-04-18,27.1493
10-04-18,27.1132
11-04-18,27.1514
12-04-18,27.1096
13-04-18,27.0989
16-04-18,27.2385
17-04-18,27.292
18-04-18,27.2691
19-04-18,27.4626
20-04-18,27.3497
23-04-18,27.4909
24-04-18,27.5378
25-04-18,27.4903
26-04-18,27.4308
27-04-18,27.5991
30-04-18,27.7502
02-05-18,27.3978
03-05-18,27.0478
04-05-18,26.8728
07-05-18,27.0823
08-05-18,26.9964
09-05-18,26.8412
10-05-18,26.4999
11-05-18,26.5051
14-05-18,26.3792
15-05-18,26.2999
16-05-18,26.2738
17-05-18,26.2739
18-05-18,25.9062
21-05-18,25.5314
22-05-18,25.8675
23-05-18,25.7323
24-05-18,25.7918
25-05-18,26.2204
28-05-18,26.6324
29-05-18,26.6191
30-05-18,26.5434
31-05-18,26.4534
01-06-18,26.1937
04-06-18,25.9624
05-06-18,25.7005
06-06-18,26.0837
07-06-18,26.4223
08-06-18,26.5231
11-06-18,26.5376
12-06-18,26.722
13-06-18,26.6708
14-06-18,26.6259
15-06-18,26.4244
18-06-18,26.292
19-06-18,26.0863
20-06-18,26.0771
21-06-18,25.9342
22-06-18,26.0703
25-06-18,25.7241
26-06-18,25.7762
27-06-18,25.4322
28-06-18,25.1229
29-06-18,25.5821
02-07-18,25.3609
03-07-18,25.4731
04-07-18,25.4387
05-07-18,25.3371
06-07-18,25.4834
09-07-18,25.6882
10-07-18,25.9501
11-07-18,25.7433
12-07-18,25.6983
13-07-18,25.5803
16-07-18,25.0071
17-07-18,25.2836
18-07-18,25.0084
19-07-18,24.8813
20-07-18,25.0205
23-07-18,25.4386
24-07-18,26.0781
25-07-18,26.0533
26-07-18,26.2918
27-07-18,26.5058
30-07-18,26.7789
31-07-18,26.8973
01-08-18,26.9813
02-08-18,26.9143
03-08-18,27.0962
06-08-18,27.1472
07-08-18,27.1338
08-08-18,27.1829
09-08-18,27.2903
10-08-18,27.0877
13-08-18,26.7998
14-08-18,26.9451
16-08-18,26.7537
17-08-18,27.1478
20-08-18,27.4588
21-08-18,27.5791
23-08-18,27.7349
24-08-18,27.6944
27-08-18,27.9266
28-08-18,27.8918
29-08-18,28.0811
30-08-18,28.1842
31-08-18,28.3218
03-09-18,28.1148
04-09-18,27.2679
05-09-18,27.1065
06-09-18,27.3107
07-09-18,27.6143
10-09-18,27.1343
11-09-18,26.6518
12-09-18,26.7792
14-09-18,27.2494
17-09-18,27.0273
18-09-18,26.6471
19-09-18,26.5333
21-09-18,26.0087
24-09-18,25.2347
25-09-18,25.4634
26-09-18,25.5368
27-09-18,25.1132
28-09-18,24.7986
01-10-18,24.8169
03-10-18,24.5029
04-10-18,24.1222
05-10-18,23.5547
08-10-18,23.3186
09-10-18,23.1951
10-10-18,23.9257
11-10-18,23.4893
12-10-18,23.9802
15-10-18,24.0794
16-10-18,24.4126
17-10-18,23.8902
19-10-18,23.6921
22-10-18,23.585
23-10-18,23.2874
24-10-18,23.3697
25-10-18,23.0452
26-10-18,23.0733
29-10-18,23.6033
30-10-18,23.725
31-10-18,24.1379
01-11-18,24.2845
02-11-18,24.6467
05-11-18,24.7283
06-11-18,24.5896
09-11-18,24.8608
12-11-18,24.5823
13-11-18,24.6501
14-11-18,24.674
15-11-18,24.785
16-11-18,24.8765
19-11-18,25.0087
20-11-18,24.7035
21-11-18,24.8932
22-11-18,24.7265
26-11-18,24.8185
27-11-18,24.7959
28-11-18,24.7304
29-11-18,24.9094
30-11-18,25.0951
03-12-18,25.1737
04-12-18,25.0984
05-12-18,24.753
06-12-18,24.3787
07-12-18,24.4845
10-12-18,24.0456
11-12-18,24.4128
12-12-18,24.9384
13-12-18,25.1898
14-12-18,25.2742
17-12-18,25.4721
18-12-18,25.5931
19-12-18,25.9444
20-12-18,25.8001
21-12-18,25.4515
24-12-18,25.0922
26-12-18,25.1869
27-12-18,25.2377
28-12-18,25.4916
31-12-18,25.595
01-01-19,25.5345
02-01-19,25.3225
03-01-19,25.1401
04-01-19,25.1837
07-01-19,25.1723
08-01-19,25.1556
09-01-19,25.1507
10-01-19,25.2535
11-01-19,25.172
14-01-19,24.9979
15-01-19,25.1747
16-01-19,25.1878
17-01-19,25.1718
18-01-19,24.9018
21-01-19,24.8215
22-01-19,24.9181
23-01-19,24.7679
24-01-19,24.7397
25-01-19,24.4126
28-01-19,23.9699
29-01-19,23.994
30-01-19,23.9921
31-01-19,24.1347
01-02-19,24.3803
04-02-19,24.1633
05-02-19,23.9953
06-02-19,24.2113
07-02-19,24.4952
08-02-19,24.1195
11-02-19,23.8534
12-02-19,23.7313
13-02-19,23.4908
14-02-19,23.5967
15-02-19,23.2008
18-02-19,23.0239
19-02-19,23.0596
20-02-19,23.3621
21-02-19,23.5581
22-02-19,23.737
25-02-19,23.8386
26-02-19,23.8263
27-02-19,23.93
28-02-19,24.1117
01-03-19,24.4119
05-03-19,24.864
06-03-19,25.0527
07-03-19,24.9372
08-03-19,24.9623
11-03-19,25.5291
12-03-19,25.6378
13-03-19,25.4956
14-03-19,25.4028
15-03-19,25.3715
18-03-19,25.4267
19-03-19,25.5072
20-03-19,25.4235
22-03-19,25.2577
25-03-19,24.9528
26-03-19,25.1856
27-03-19,25.1351
28-03-19,25.3525
29-03-19,25.7223
01-04-19,25.768
02-04-19,25.5903
03-04-19,25.497
04-04-19,25.4849
05-04-19,25.5993
08-04-19,25.5044
09-04-19,25.6016
10-04-19,25.5084
11-04-19,25.5605
12-04-19,25.6778
15-04-19,25.8093
16-04-19,25.8932
18-04-19,25.8217
22-04-19,25.3819
23-04-19,25.3517
24-04-19,25.5179
25-04-19,25.3879
26-04-19,25.3924
30-04-19,25.2815
02-05-19,25.1532
03-05-19,25.043
06-05-19,24.7385
07-05-19,24.5726
08-05-19,24.2896
09-05-19,24.221
10-05-19,24.1568
13-05-19,23.7218
14-05-19,23.7711
15-05-19,23.6614
16-05-19,23.6493
17-05-19,23.8501
20-05-19,24.6199
21-05-19,24.4192
22-05-19,24.4085
23-05-19,24.4975
24-05-19,25.0632
27-05-19,25.1957
28-05-19,25.2896
29-05-19,25.1102
30-05-19,25.132
31-05-19,25.3046
03-06-19,25.5785
04-06-19,25.4264
06-06-19,24.9137
07-06-19,24.9211
10-06-19,24.9865
11-06-19,25.1275
12-06-19,24.9297
13-06-19,24.9152
14-06-19,24.6565
17-06-19,24.2746
18-06-19,24.3043
19-06-19,24.1718
20-06-19,24.5764
21-06-19,24.5114
24-06-19,24.5409
25-06-19,24.6016
26-06-19,24.7971
27-06-19,24.9193
28-06-19,24.8716
01-07-19,24.9963
02-07-19,25.0786
03-07-19,25.2069
04-07-19,25.2593
05-07-19,24.9077
08-07-19,24.3928
09-07-19,24.5233
10-07-19,24.3305
11-07-19,24.5092
12-07-19,24.5553
15-07-19,24.6561
16-07-19,24.8977
17-07-19,24.9541
18-07-19,24.6922
19-07-19,24.282
22-07-19,24.3037
23-07-19,24.2146
24-07-19,23.8303
25-07-19,23.9842
26-07-19,24.2105
29-07-19,23.8957
30-07-19,23.571
31-07-19,23.7832
01-08-19,23.4771
02-08-19,23.5318
05-08-19,23.3423
06-08-19,23.5649
07-08-19,23.4604
08-08-19,23.7604
09-08-19,23.9293
13-08-19,23.3823
14-08-19,23.6431
16-08-19,23.7198
19-08-19,23.7256
20-08-19,23.5468
21-08-19,23.2745
22-08-19,22.9634
23-08-19,23.1518
26-08-19,23.5738
27-08-19,23.8814
28-08-19,23.7684
29-08-19,23.7816
30-08-19,24.1068
03-09-19,23.5876
04-09-19,23.5567
05-09-19,23.6783
06-09-19,23.7855
09-09-19,23.8638
11-09-19,24.0218
12-09-19,24.005
13-09-19,24.164
16-09-19,24.1368
17-09-19,23.734
18-09-19,23.8809
19-09-19,23.6735
20-09-19,25.0239
23-09-19,25.4825
24-09-19,25.5097
25-09-19,25.0979
26-09-19,25.3925
27-09-19,25.3998
30-09-19,25.1323
01-10-19,24.8872
03-10-19,24.683
04-10-19,24.3726
07-10-19,24.0205
09-10-19,24.3517
10-10-19,24.199
11-10-19,24.2948
14-10-19,24.4702
15-10-19,24.6697
16-10-19,24.8788
17-10-19,25.231
18-10-19,25.5825
22-10-19,25.7188
23-10-19,25.6971
24-10-19,25.6101
25-10-19,25.5319
29-10-19,25.976
30-10-19,26.1481
31-10-19,26.2291
01-11-19,26.2149
04-11-19,26.1708
05-11-19,25.9846
06-11-19,26.0671
07-11-19,26.2072
08-11-19,25.9251
11-11-19,25.9809
13-11-19,25.845
14-11-19,25.7358
15-11-19,25.7539
18-11-19,25.7237
19-11-19,25.6504
20-11-19,25.8088
21-11-19,25.7078
22-11-19,25.6408
25-11-19,25.9905
26-11-19,25.8274
27-11-19,26.0132
28-11-19,26.2801
29-11-19,26.081
02-12-19,26.0761
03-12-19,25.8886
04-12-19,25.9176
05-12-19,25.7214
06-12-19,25.4558
09-12-19,25.3685
10-12-19,25.1005
11-12-19,25.2186
12-12-19,25.4003
13-12-19,25.6593
16-12-19,25.511
17-12-19,25.6172
18-12-19,25.7138
19-12-19,25.8115
20-12-19,25.9582
23-12-19,25.9478
24-12-19,25.9359
26-12-19,25.8402
27-12-19,26.0192
30-12-19,26.0258
31-12-19,25.8634
01-01-20,25.8501
02-01-20,26.0696
03-01-20,26.0181
06-01-20,25.4848
07-01-20,25.6729
08-01-20,25.6808
09-01-20,26.0178
10-01-20,26.0845
13-01-20,26.2907
14-01-20,26.3462
15-01-20,26.4506
16-01-20,26.4699
17-01-20,26.5224
20-01-20,26.2663
21-01-20,26.1397
22-01-20,26.118
23-01-20,26.3949
24-01-20,26.6268
27-01-20,26.4493
28-01-20,26.3818
29-01-20,26.5243
30-01-20,26.0507
31-01-20,25.8357
03-02-20,25.1546
04-02-20,25.6693
05-02-20,26.0563
06-02-20,26.3626
07-02-20,26.5215
10-02-20,26.438
11-02-20,26.3472
12-02-20,26.3513
13-02-20,26.3145
14-02-20,26.0361
17-02-20,25.7447
18-02-20,25.6624
19-02-20,26.1782
20-02-20,26.2128
24-02-20,25.6755
25-02-20,25.49
26-02-20,25.1321
27-02-20,25.0721
28-02-20,24.2341
02-03-20,24.1604
03-03-20,24.6397
04-03-20,24.451
05-03-20,24.5961
06-03-20,24.0615
09-03-20,23.0158
11-03-20,22.8483
12-03-20,20.8691
13-03-20,21.4567
16-03-20,20.3353
17-03-20,20.1691
18-03-20,19.1787
19-03-20,18.5031
20-03-20,19.1494
23-03-20,16.9518
24-03-20,17.1281
25-03-20,17.7221
26-03-20,18.6868
27-03-20,18.6624
30-03-20,18.5135
31-03-20,19.2903
01-04-20,18.8794
03-04-20,18.647
07-04-20,19.8287
08-04-20,20.225
09-04-20,20.9162
13-04-20,20.8851
15-04-20,21.0581
16-04-20,21.2112
17-04-20,21.4681
20-04-20,21.3616
21-04-20,21.0233
22-04-20,21.2852
23-04-20,21.3407
24-04-20,20.9703
27-04-20,21.3901
28-04-20,21.3316
29-04-20,21.562
30-04-20,21.9933
04-05-20,21.0856
05-05-20,20.7965
06-05-20,20.9922
07-05-20,20.7645
08-05-20,20.9458
11-05-20,21.1648
12-05-20,21.1252
13-05-20,21.3917
14-05-20,21.2566
15-05-20,21.1396
18-05-20,20.4801
19-05-20,20.5969
20-05-20,20.9911
21-05-20,21.247
22-05-20,21.0195
26-05-20,21.0477
27-05-20,21.0703
28-05-20,21.4389
29-05-20,21.9542
01-06-20,22.3047
02-06-20,22.4496
03-06-20,22.5805
04-06-20,22.6819
05-06-20,23.1104
08-06-20,23.1123
09-06-20,22.961
10-06-20,22.9523
11-06-20,22.6031
12-06-20,22.8292
15-06-20,22.6245
16-06-20,22.6876
17-06-20,22.7065
18-06-20,22.7693
19-06-20,23.0113
22-06-20,23.4626
23-06-20,23.8859
24-06-20,23.6334
25-06-20,23.644
26-06-20,23.6841
29-06-20,23.4871
30-06-20,23.4726
01-07-20,23.4829
02-07-20,23.6808
03-07-20,23.8612
06-07-20,23.969
07-07-20,24.0843
08-07-20,24.0008
09-07-20,23.9753
10-07-20,23.92
13-07-20,23.98
14-07-20,23.7445
15-07-20,23.6317
16-07-20,23.7033
17-07-20,24.09
20-07-20,24.2257
21-07-20,24.267
22-07-20,24.1348
23-07-20,24.3312
24-07-20,24.056
27-07-20,23.8671
28-07-20,24.0264
29-07-20,24.1388
30-07-20,24.2557
31-07-20,24.5252
03-08-20,24.4088
04-08-20,24.5644
05-08-20,24.5432
06-08-20,24.7163
07-08-20,24.7762
10-08-20,25.135
11-08-20,25.0128
12-08-20,25.0026
13-08-20,25.1281
14-08-20,24.8953
17-08-20,24.9775
18-08-20,25.2659
19-08-20,25.304
20-08-20,25.2838
21-08-20,25.3617
24-08-20,25.3646
25-08-20,25.3868
26-08-20,25.4025
27-08-20,25.5088
28-08-20,25.5889
31-08-20,24.5006
01-09-20,24.7906
02-09-20,25.0678
03-09-20,25.2188
04-09-20,24.7565
07-09-20,24.6748
08-09-20,24.5088
09-09-20,24.4678
10-09-20,24.7043
11-09-20,24.9221
14-09-20,24.8918
15-09-20,25.1301
16-09-20,25.2482
17-09-20,25.1085
18-09-20,25.1689
21-09-20,24.3682
22-09-20,24.0821
23-09-20,24.0204
24-09-20,23.5078
25-09-20,24.1337
28-09-20,24.6603
29-09-20,24.5318
30-09-20,24.6699
01-10-20,24.867
05-10-20,24.9298
06-10-20,25.0225
07-10-20,24.96
08-10-20,25.0819
09-10-20,25.0096
12-10-20,24.9064
13-10-20,24.8029
14-10-20,24.9846
15-10-20,24.5643
16-10-20,24.7758
19-10-20,24.9786
20-10-20,25.0288
21-10-20,24.97
22-10-20,24.9519
23-10-20,25.0255
26-10-20,24.6878
27-10-20,25.0523
28-10-20,24.8465
29-10-20,24.964
30-10-20,24.9549
02-11-20,25.0414
03-11-20,25.1857
04-11-20,25.3537
05-11-20,25.765
06-11-20,25.8558
09-11-20,26.2294
10-11-20,26.0483
11-11-20,26.3537
12-11-20,26.5081
13-11-20,26.7475
17-11-20,27.0907
18-11-20,27.1861
19-11-20,26.9936
20-11-20,27.3336
23-11-20,27.5975
24-11-20,27.7402
25-11-20,27.3199
26-11-20,27.5654
27-11-20,27.7006
01-12-20,28.064
02-12-20,28.2988
03-12-20,28.5963
04-12-20,28.7052
07-12-20,28.9648
08-12-20,28.9551
09-12-20,28.9621
10-12-20,29.0789
11-12-20,29.1496
14-12-20,29.2535
15-12-20,29.1889
16-12-20,29.3438
17-12-20,29.2416
18-12-20,29.2879
21-12-20,28.2748
22-12-20,28.6806
23-12-20,29.1653
24-12-20,29.2732
28-12-20,29.5301
29-12-20,29.5121
30-12-20,29.6331
31-12-20,29.6725
01-01-21,29.9069
04-01-21,30.3743
05-01-21,30.8627
06-01-21,30.8059
07-01-21,30.9282
08-01-21,31.3301
11-01-21,31.4455
12-01-21,31.3593
13-01-21,31.1708
14-01-21,31.3182
15-01-21,30.8272
18-01-21,30.2615
19-01-21,30.7768
20-01-21,30.9516
21-01-21,30.6748
22-01-21,30.4234
25-01-21,30.187
27-01-21,29.7901
28-01-21,29.674
29-01-21,28.9733
01-02-21,29.8091
02-02-21,30.4153
03-02-21,30.5598
04-02-21,31.0496
05-02-21,30.8367
08-02-21,31.1772
09-02-21,31.1597
10-02-21,31.2844
11-02-21,31.5239
12-02-21,31.6024
15-02-21,31.9394
16-02-21,32.066
17-02-21,32.1313
18-02-21,32.288
19-02-21,31.859
22-02-21,31.3435
23-02-21,31.5615
24-02-21,31.7297
25-02-21,31.9403
26-02-21,31.2372
01-03-21,31.5335
02-03-21,32.0786
03-03-21,32.5898
04-03-21,32.649
05-03-21,32.1748
08-03-21,32.1201
09-03-21,31.8719
10-03-21,32.0702
12-03-21,31.7702
15-03-21,31.6005
16-03-21,31.7473
17-03-21,31.1239
18-03-21,30.7547
19-03-21,31.1036
22-03-21,31.4088
23-03-21,31.789
24-03-21,31.3128
25-03-21,30.6239
26-03-21,30.9949
30-03-21,31.103
31-03-21,31.1762
01-04-21,31.6451
05-04-21,31.354
06-04-21,31.6657
07-04-21,31.978
08-04-21,32.2149
09-04-21,32.2474
12-04-21,30.748
13-04-21,31.0664
15-04-21,31.2555
16-04-21,31.5869
19-04-21,31.0458
20-04-21,31.183
22-04-21,31.2276
23-04-21,31.2651
26-04-21,31.4219
27-04-21,31.6649
28-04-21,31.859
29-04-21,31.8476
30-04-21,31.695
03-05-21,31.9674
04-05-21,31.8417
05-05-21,32.3633
06-05-21,32.5463
07-05-21,32.6538
10-05-21,32.9925
11-05-21,33.0625
12-05-21,33.1034
14-05-21,32.6312
17-05-21,33.0411
18-05-21,33.4805
19-05-21,33.699
20-05-21,33.6797
21-05-21,33.8231
24-05-21,34.0645
25-05-21,33.9449
26-05-21,33.9021
27-05-21,34.0595
28-05-21,34.0842
31-05-21,34.3866
01-06-21,34.3495
02-06-21,34.9782
03-06-21,35.302
04-06-21,35.4647
07-06-21,35.4937
08-06-21,35.6284
09-06-21,35.2994
10-06-21,35.7287
11-06-21,35.8074
14-06-21,35.6491
15-06-21,35.7639
16-06-21,35.4334
17-06-21,35.1068
18-06-21,34.9203
21-06-21,35.2248
22-06-21,35.3974
23-06-21,35.1115
24-06-21,34.9437
25-06-21,35.1822
28-06-21,35.3177
29-06-21,35.2489
30-06-21,35.099
01-07-21,35.2285
02-07-21,35.1294
05-07-21,35.3483
06-07-21,35.3572
07-07-21,35.5055
08-07-21,35.4363
09-07-21,35.4939
12-07-21,35.5225
13-07-21,35.453
14-07-21,35.4529
15-07-21,35.5689
16-07-21,35.7369
19-07-21,35.5088
20-07-21,35.2733
22-07-21,35.894
23-07-21,35.8504
26-07-21,35.8848
27-07-21,35.6698
28-07-21,35.7352
29-07-21,35.7619
30-07-21,35.9155
02-08-21,36.2417
03-08-21,36.5432
04-08-21,36.282
05-08-21,36.2023
06-08-21,36.2798
09-08-21,36.1125
10-08-21,35.9669
11-08-21,35.8852
12-08-21,35.9943
13-08-21,36.0388
16-08-21,36.0803
17-08-21,36.2685
18-08-21,36.4701
20-08-21,35.9318
23-08-21,35.7875
24-08-21,36.1341
25-08-21,36.3007
26-08-21,36.4086
27-08-21,36.8651
30-08-21,37.4366
31-08-21,37.9434
01-09-21,38.2185
02-09-21,38.6107
03-09-21,38.8325
06-09-21,38.7802
07-09-21,38.6462
08-09-21,38.8557
09-09-21,39.0238
13-09-21,39.142
14-09-21,39.2639
15-09-21,39.4183
16-09-21,39.6978
17-09-21,39.3721
20-09-21,38.6405
21-09-21,38.9769
22-09-21,39.1871
23-09-21,39.6241
24-09-21,39.2893
27-09-21,39.1771
28-09-21,38.9059
29-09-21,38.6876
30-09-21,38.6624
01-10-21,38.78
04-10-21,39.3665
05-10-21,39.5234
06-10-21,39.1475
07-10-21,39.5581
08-10-21,39.4654
11-10-21,39.6414
12-10-21,39.9395
13-10-21,40.3248
14-10-21,40.6711
18-10-21,40.7698
19-10-21,40.2016
20-10-21,39.5076
21-10-21,39.2163
22-10-21,38.6747
25-10-21,38.3415
26-10-21,38.7924
27-10-21,38.9947
28-10-21,38.1685
29-10-21,38.3929
01-11-21,38.8765
02-11-21,38.8935
03-11-21,39.115
08-11-21,39.8365
09-11-21,40.0029
10-11-21,40.0721
11-11-21,39.9038
12-11-21,40.3877
15-11-21,40.4962
16-11-21,40.4296
17-11-21,40.3861
18-11-21,39.8151
22-11-21,39.076
23-11-21,39.6609
24-11-21,39.4502
25-11-21,39.7884
26-11-21,38.5927
29-11-21,38.2435
30-11-21,38.1514
01-12-21,38.3685
02-12-21,38.7456
03-12-21,38.6678
06-12-21,37.9231
07-12-21,38.4941
08-12-21,38.9902
09-12-21,39.0719
10-12-21,39.223
13-12-21,39.0326
14-12-21,39.1596
15-12-21,38.8368
16-12-21,38.7028
17-12-21,37.8054
20-12-21,36.7377
21-12-21,37.4238
22-12-21,37.9343
23-12-21,38.3384
24-12-21,37.9383
27-12-21,38.0373
28-12-21,38.3794
29-12-21,38.2918
30-12-21,38.0205
31-12-21,38.6034
03-01-22,38.9064
04-01-22,38.9121
05-01-22,39.0985
06-01-22,38.997
07-01-22,39.1579
10-01-22,39.3103
11-01-22,39.2925
12-01-22,39.5853
13-01-22,39.7613
14-01-22,39.8186
17-01-22,39.9669
18-01-22,39.2741
19-01-22,39.246
20-01-22,39.2183
21-01-22,38.567
24-01-22,37.139
25-01-22,37.4855
27-01-22,36.8487
28-01-22,37.1519
31-01-22,37.5735
01-02-22,38.2232
02-02-22,38.6269
03-02-22,38.4267
04-02-22,38.407
07-02-22,38.1496
08-02-22,37.9735
09-02-22,38.4013
10-02-22,38.5604
11-02-22,38.0006
14-02-22,36.7347
15-02-22,37.622
16-02-22,37.5481
17-02-22,37.6478
18-02-22,37.2501
21-02-22,36.7633
22-02-22,36.6892
23-02-22,36.9956
24-02-22,34.9232
25-02-22,36.237
28-02-22,36.6383
02-03-22,36.6484
03-03-22,36.5993
04-03-22,35.7156
07-03-22,34.7787
08-03-22,35.2926
09-03-22,35.8391
10-03-22,36.5311
11-03-22,36.7099
14-03-22,36.5747
15-03-22,36.2337
16-03-22,37.0513
17-03-22,37.5971
21-03-22,37.1172
22-03-22,37.1796
23-03-22,37.2598
24-03-22,37.33
25-03-22,37.345
28-03-22,37.2276
29-03-22,37.4075
30-03-22,37.6387
31-03-22,37.6992
01-04-22,38.2839
04-04-22,38.8955
05-04-22,39.2153
06-04-22,39.3589
07-04-22,39.2429
08-04-22,39.8487
11-04-22,40.2436
12-04-22,39.7865
13-04-22,39.8426
18-04-22,39.6996
19-04-22,38.9763
20-04-22,39.1704
21-04-22,39.6672
22-04-22,39.3722
25-04-22,38.6015
26-04-22,39.5051
27-04-22,38.9852
28-04-22,39.5174
29-04-22,39.0111
02-05-22,38.8702
04-05-22,37.7545
05-05-22,37.821
06-05-22,37.0253
09-05-22,36.3144
10-05-22,35.5027
11-05-22,35.4617
12-05-22,34.5746
13-05-22,34.4183
16-05-22,34.9356
17-05-22,35.8274
18-05-22,35.8464
19-05-22,34.868
20-05-22,35.3884
23-05-22,35.0797
24-05-22,34.7843
25-05-22,34.1935
26-05-22,34.6662
27-05-22,34.9
30-05-22,35.7287
31-05-22,35.7616
01-06-22,35.426
02-06-22,35.6114
03-06-22,35.1004
06-06-22,34.9976
07-06-22,34.7041
08-06-22,34.5953
09-06-22,34.8747
10-06-22,34.5576
13-06-22,33.8101
14-06-22,33.9172
15-06-22,33.9895
16-06-22,33.2869
17-06-22,32.7539
20-06-22,32.5114
21-06-22,33.4044
22-06-22,32.7999
23-06-22,33.1895
24-06-22,33.6251
27-06-22,33.8686
28-06-22,33.9187
29-06-22,33.6816
30-06-22,33.5292
01-07-22,33.8924
04-07-22,34.2338
05-07-22,34.2684
06-07-22,34.8477
07-07-22,35.1468
08-07-22,35.2492
11-07-22,35.8039
12-07-22,35.684
13-07-22,35.6712
14-07-22,35.6545
15-07-22,35.7947
18-07-22,36.2735
19-07-22,36.4486
20-07-22,36.5153
21-07-22,37.0574
22-07-22,36.9199
25-07-22,36.88
26-07-22,36.418
27-07-22,36.7163
28-07-22,37.1552
29-07-22,37.6215
01-08-22,38.1715
02-08-22,38.3376
03-08-22,38.1905
04-08-22,38.3838
05-08-22,38.3439
08-08-22,38.5359
10-08-22,38.4019
11-08-22,38.7501
12-08-22,38.8565
16-08-22,39.4674
17-08-22,39.8672
18-08-22,40.1133
19-08-22,39.7054
22-08-22,38.9707
23-08-22,39.1599
24-08-22,39.393
25-08-22,39.4043
26-08-22,39.6076
29-08-22,39.3711
30-08-22,40.2287
01-09-22,40.2325
02-09-22,40.1581
05-09-22,40.1103
06-09-22,40.3699
07-09-22,40.5106
08-09-22,40.6186
09-09-22,40.593
12-09-22,41.0749
13-09-22,41.3433
14-09-22,41.5308
15-09-22,41.7879
16-09-22,40.5731
19-09-22,40.7055
20-09-22,41.1619
21-09-22,40.5042
22-09-22,40.6845
23-09-22,39.9559
26-09-22,38.8716
27-09-22,38.9734
28-09-22,38.7307
29-09-22,38.5833
30-09-22,38.9838
03-10-22,38.0879
04-10-22,38.9773
06-10-22,39.2857
07-10-22,39.2202
10-10-22,38.8939
11-10-22,38.1794
12-10-22,38.485
13-10-22,38.1086
14-10-22,37.97
17-10-22,38.2156
18-10-22,38.6087
19-10-22,38.5616
20-10-22,38.9345
21-10-22,38.4176
25-10-22,38.5425
27-10-22,38.9875
28-10-22,38.7984
31-10-22,39.2053
01-11-22,39.6052
02-11-22,39.5217
03-11-22,39.5727
04-11-22,39.6456
07-11-22,39.817
09-11-22,39.7383
10-11-22,39.3527
11-11-22,39.7298
14-11-22,39.9413
15-11-22,40.0079
16-11-22,39.7148
17-11-22,39.4159
18-11-22,39.2007
21-11-22,38.9847
22-11-22,39.078
23-11-22,39.1521
24-11-22,39.3019
25-11-22,39.41
28-11-22,39.4954
29-11-22,39.6945
30-11-22,40.1904
01-12-22,40.3458
02-12-22,40.4035
05-12-22,40.3332
06-12-22,40.297
07-12-22,40.3753
08-12-22,40.537
09-12-22,40.2887
12-12-22,40.2955
13-12-22,40.2284
14-12-22,40.4144
15-12-22,40.0529
16-12-22,39.5403
19-12-22,39.932
20-12-22,39.8543
21-12-22,39.22
22-12-22,38.9333
23-12-22,37.4904
26-12-22,38.3709
27-12-22,38.7625
28-12-22,38.8742
29-12-22,38.8614
30-12-22,38.8014
02-01-23,38.8563
03-01-23,39.0267
04-01-23,38.5001
05-01-23,38.7656
06-01-23,38.4814
09-01-23,38.7912
10-01-23,38.65
11-01-23,38.5242
12-01-23,38.6056
13-01-23,38.7648
16-01-23,38.7388
17-01-23,38.7718
18-01-23,38.7747
19-01-23,38.6404
20-01-23,38.4951
23-01-23,38.5537
24-01-23,38.4563
25-01-23,37.4914
27-01-23,36.0957
30-01-23,35.6841
31-01-23,36.0558
01-02-23,35.4721
02-02-23,35.3881
03-02-23,35.3835
06-02-23,35.579
07-02-23,35.5231
08-02-23,35.8408
09-02-23,35.6627
10-02-23,35.6421
13-02-23,35.1281
14-02-23,35.089
15-02-23,35.3374
16-02-23,35.5916
17-02-23,35.3703
20-02-23,35.2591
21-02-23,35.1936
22-02-23,34.6967
23-02-23,34.548
24-02-23,34.5195
27-02-23,34.1963
28-02-23,34.2874
01-03-23,34.6862
02-03-23,34.6666
03-03-23,34.9815
06-03-23,35.2592
08-03-23,35.3975
09-03-23,35.1389
10-03-23,35.0573
13-03-23,34.6079
14-03-23,34.4062
15-03-23,34.3859
16-03-23,34.5928
17-03-23,34.7838
20-03-23,34.5368
21-03-23,34.7353
22-03-23,34.9594
23-03-23,34.8172
24-03-23,34.5576
27-03-23,34.3781
28-03-23,34.0541
29-03-23,34.3183
31-03-23,34.7962
03-04-23,34.8823
05-04-23,35.0691
06-04-23,35.1543
10-04-23,35.2541
11-04-23,35.3302
12-04-23,35.4968
13-04-23,35.4377
17-04-23,35.5904
18-04-23,35.7212
19-04-23,35.4026
20-04-23,35.4169
21-04-23,35.3712
24-04-23,35.505
25-04-23,35.6579
26-04-23,35.7955
27-04-23,35.8915
28-04-23,36.3717
02-05-23,36.6109
03-05-23,36.6758
04-05-23,36.9064
05-05-23,36.9016
08-05-23,37.1525
09-05-23,37.1135
10-05-23,37.3232
11-05-23,37.6131
12-05-23,37.5521
15-05-23,37.7296
16-05-23,37.7818
17-05-23,37.5693
18-05-23,37.1958
19-05-23,37.325
22-05-23,37.6713
23-05-23,37.7509
24-05-23,37.7266
25-05-23,37.9373
26-05-23,38.3701
29-05-23,38.5907
30-05-23,38.6096
31-05-23,38.7046
01-06-23,38.8038
02-06-23,38.9712
05-06-23,39.0348
06-06-23,39.2131
07-06-23,39.5923
08-06-23,39.3302
09-06-23,39.2922
12-06-23,39.4785
13-06-23,39.8536
14-06-23,39.9457
15-06-23,39.9588
16-06-23,40.3661
19-06-23,40.2992
20-06-23,40.4479
21-06-23,40.4288
22-06-23,39.9517
23-06-23,39.4441
26-06-23,39.6034
27-06-23,39.7745
28-06-23,40.0239
30-06-23,40.2862
03-07-23,40.4464
04-07-23,40.2929
05-07-23,40.6146
06-07-23,40.8575
07-07-23,40.5257
10-07-23,40.3135
11-07-23,40.6177
12-07-23,40.7167
13-07-23,40.4542
14-07-23,40.7618
17-07-23,40.8778
18-07-23,40.703
19-07-23,40.918
20-07-23,40.8591
21-07-23,40.712
24-07-23,40.7037
25-07-23,40.9169
26-07-23,41.0647
27-07-23,41.188
28-07-23,41.6308
31-07-23,41.7411
01-08-23,41.7206
02-08-23,41.1524
03-08-23,40.939
04-08-23,41.2637
07-08-23,41.3309
08-08-23,41.3311
09-08-23,41.4317
10-08-23,41.1813
11-08-23,41.087
14-08-23,40.574
16-08-23,40.5748
17-08-23,40.4744
18-08-23,40.2853
21-08-23,40.6102
22-08-23,40.878
23-08-23,40.8979
24-08-23,41.0486
25-08-23,40.6656
28-08-23,40.8855
29-08-23,41.1276
30-08-23,41.2692
31-08-23,40.9673
01-09-23,41.3213
04-09-23,41.691
05-09-23,41.7768
06-09-23,41.9739
07-09-23,42.1865
08-09-23,42.528
11-09-23,42.9651
12-09-23,41.9781
13-09-23,42.1069
14-09-23,42.3974
15-09-23,42.4713
18-09-23,42.4466
20-09-23,42.0722
21-09-23,41.7133
22-09-23,41.6617
25-09-23,41.564
26-09-23,41.6446
27-09-23,41.7031
29-09-23,41.5208
03-10-23,41.6585
04-10-23,41.082
05-10-23,41.1818
06-10-23,41.4399
09-10-23,40.9392
10-10-23,41.4903
11-10-23,41.7023
12-10-23,41.7987
13-10-23,41.7507
16-10-23,41.8707
17-10-23,42.0228
18-10-23,41.5928
19-10-23,41.4583
20-10-23,41.0653
23-10-23,40.2695
25-10-23,40.0238
26-10-23,39.6329
27-10-23,40.412
30-10-23,40.4748
31-10-23,40.5781
01-11-23,40.3606
02-11-23,40.975
03-11-23,41.3738
06-11-23,41.7144
07-11-23,42.0559
08-11-23,42.3332
09-11-23,42.1229
10-11-23,42.1862
13-11-23,42.4272
15-11-23,42.8303
16-11-23,42.9829
17-11-23,43.2195
20-11-23,43.1068
21-11-23,43.1079
22-11-23,42.9445
23-11-23,43.0682
24-11-23,43.0054
28-11-23,43.5154
29-11-23,43.8153
30-11-23,44.3063
01-12-23,44.7368
04-12-23,45.6015
05-12-23,46.0737
06-12-23,46.6075
07-12-23,46.9784
08-12-23,46.6911
11-12-23,47.1793
12-12-23,46.8782
13-12-23,47.3022
14-12-23,47.9024
15-12-23,47.9315
18-12-23,48.2472
19-12-23,48.3263
20-12-23,46.9033
21-12-23,47.5263
22-12-23,47.9161
26-12-23,48.3668
27-12-23,48.5925
28-12-23,48.8518
29-12-23,49.2021
01-01-24,49.261
02-01-24,49.1388
03-01-24,49.5092
04-01-24,50.1355
05-01-24,50.0755
08-01-24,49.5521
09-01-24,49.7651
10-01-24,49.8725
11-01-24,50.3489
12-01-24,50.4838
15-01-24,50.6613
16-01-24,50.5506
17-01-24,49.9874
18-01-24,49.7496
19-01-24,50.4495
23-01-24,49.1442
24-01-24,49.9857
25-01-24,50.0621
29-01-24,50.7251
30-01-24,50.5557
31-01-24,50.9914
01-02-24,51.1862
02-02-24,51.5833
05-02-24,51.3327
06-02-24,52.0729
07-02-24,52.9228
08-02-24,53.1765
09-02-24,52.9763
12-02-24,51.9593
13-02-24,52.4831
14-02-24,53.2013
15-02-24,53.6744
16-02-24,54.0429
19-02-24,54.1011
20-02-24,54.1651
21-02-24,53.8723
22-02-24,54.4367
23-02-24,54.5844
26-02-24,54.6247
27-02-24,54.5802
28-02-24,53.8763
29-02-24,54.4326
01-03-24,54.9073
04-03-24,55.3096
05-03-24,55.3432
06-03-24,55.1919
07-03-24,55.6684
11-03-24,55.6552
12-03-24,54.7938
13-03-24,52.7391
14-03-24,54.0024
15-03-24,53.5764
18-03-24,53.9105
19-03-24,52.9757
20-03-24,53.1401
21-03-24,54.3724
22-03-24,54.6291
26-03-24,55.1932
27-03-24,55.2806
28-03-24,55.9543
31-03-24,55.9535
01-04-24,56.8841
02-04-24,57.4549
03-04-24,57.611
04-04-24,57.3667
05-04-24,57.861
08-04-24,58.1339
09-04-24,57.9492
10-04-24,58.4389
12-04-24,58.1998
15-04-24,57.222
16-04-24,57.2672
18-04-24,57.2029
19-04-24,57.1092
22-04-24,57.841
23-04-24,57.9461
24-04-24,58.3872
25-04-24,58.7807
26-04-24,59.1768
29-04-24,59.5018
30-04-24,59.8814
02-05-24,60.9022
03-05-24,60.6858
06-05-24,59.916
07-05-24,58.9942
08-05-24,59.7737
09-05-24,58.5072
10-05-24,58.9891
13-05-24,59.3753
14-05-24,60.2622
15-05-24,60.5743
16-05-24,61.1977
17-05-24,61.9198
21-05-24,62.9663
22-05-24,63.0628
23-05-24,63.5156
24-05-24,63.7119
27-05-24,63.8049
28-05-24,63.2599
29-05-24,62.8214
30-05-24,62.1639
31-05-24,62.3241
03-06-24,65.167
04-06-24,59.1149
05-06-24,61.6971
06-06-24,62.9715
07-06-24,63.8947
10-06-24,64.3749
11-06-24,64.3134
12-06-24,64.7956
13-06-24,65.3865
14-06-24,66.3564
18-06-24,66.7728
19-06-24,66.0263
20-06-24,66.1139
21-06-24,65.6483
24-06-24,66.1366
25-06-24,65.8762
26-06-24,65.7602
27-06-24,65.8536
28-06-24,66.0411
01-07-24,66.6609
02-07-24,66.3004
03-07-24,67.0157
04-07-24,67.342
05-07-24,67.8016
08-07-24,67.876
09-07-24,68.1973
10-07-24,68.225
11-07-24,68.3726
12-07-24,68.0748
15-07-24,68.6588
16-07-24,68.2472
18-07-24,67.5004
19-07-24,65.89
22-07-24,66.7315
23-07-24,66.1485
24-07-24,66.3507
25-07-24,66.6876
26-07-24,67.7965
29-07-24,68.6166
30-07-24,68.5486
31-07-24,69.0872
01-08-24,68.6316
02-08-24,67.76
05-08-24,65.5597
06-08-24,64.9532
07-08-24,66.9066
08-08-24,66.3754
09-08-24,67.2113
12-08-24,66.9474
13-08-24,66.1859
14-08-24,66.2304
16-08-24,67.4355
19-08-24,67.8293
20-08-24,68.3834
21-08-24,68.5817
22-08-24,69.0295
23-08-24,68.7976
26-08-24,69.1336
27-08-24,69.2069
28-08-24,69.4218
29-08-24,69.2493
30-08-24,69.6171
02-09-24,69.6678
03-09-24,69.739
04-09-24,69.7728
05-09-24,69.8045
06-09-24,68.8575
09-09-24,68.9577
10-09-24,69.1083
11-09-24,68.7544
12-09-24,69.7603
13-09-24,69.7419
16-09-24,69.7737
17-09-24,69.5846
18-09-24,69.2852
19-09-24,68.808
20-09-24,69.7857
23-09-24,70.9121
24-09-24,71.0001
25-09-24,70.7378
26-09-24,71.2634
27-09-24,71.8981
30-09-24,71.2337
01-10-24,71.4074
03-10-24,69.7136
04-10-24,68.9485
07-10-24,67.3431
08-10-24,68.9233
09-10-24,69.6691
10-10-24,69.5484
11-10-24,69.6403
14-10-24,69.8906
15-10-24,70.0819
16-10-24,69.9317
17-10-24,68.3697
18-10-24,68.629
21-10-24,67.7009
22-10-24,65.7374
23-10-24,65.4841
24-10-24,65.4293
25-10-24,64.4111
28-10-24,64.7039
29-10-24,65.1723
30-10-24,64.9224
31-10-24,64.5988
04-11-24,64.1405
05-11-24,64.4898
06-11-24,65.9562
07-11-24,65.2626
08-11-24,64.4854
11-11-24,64.6679
12-11-24,63.2599
13-11-24,62.0148
14-11-24,62.302
18-11-24,62.3583
19-11-24,62.64
21-11-24,61.7072
22-11-24,62.8616
25-11-24,64.1014
26-11-24,64.2666
27-11-24,64.8781
28-11-24,64.9411
29-11-24,65.3762
02-12-24,65.7788
03-12-24,66.4484
04-12-24,66.7745
05-12-24,66.9975
06-12-24,67.5077
09-12-24,67.1994
10-12-24,67.5571
11-12-24,67.7372
12-12-24,67.543
13-12-24,67.4351
16-12-24,67.6088
17-12-24,66.7145
18-12-24,65.8475
19-12-24,65.2705
20-12-24,63.4932
23-12-24,63.6639
24-12-24,63.6837
26-12-24,63.968
27-12-24,63.4048
30-12-24,62.8125
31-12-24,62.7439
01-01-25,62.983
02-01-25,63.7716
03-01-25,63.8528
06-01-25,61.827
07-01-25,61.773
08-01-25,61.2778
09-01-25,60.4975
10-01-25,59.298
13-01-25,56.7387
14-01-25,58.2151
15-01-25,58.7266
16-01-25,59.5783
17-01-25,60.0293
20-01-25,60.0771
21-01-25,58.509
22-01-25,58.0126
23-01-25,58.5975
24-01-25,57.6693
27-01-25,56.0429
28-01-25,56.2097
29-01-25,57.3433
30-01-25,57.3929
31-01-25,58.2606
03-02-25,57.8109
04-02-25,58.6985
05-02-25,59.0811
06-02-25,58.6413
07-02-25,58.6565
10-02-25,57.5833
11-02-25,56.1431
12-02-25,56.1417
13-02-25,56.2642
14-02-25,54.9956
17-02-25,54.8927
18-02-25,54.9076
19-02-25,55.56
20-02-25,56.3766
21-02-25,55.8476
24-02-25,55.1879
25-02-25,54.7816
27-02-25,54.2774
28-02-25,52.7159
03-03-25,53.2546
04-03-25,53.5488
05-03-25,54.909
06-03-25,55.527
07-03-25,55.2845
10-03-25,54.4706
11-03-25,54.7481
12-03-25,54.7504
13-03-25,54.4717
17-03-25,54.868
18-03-25,56.3121
19-03-25,57.231
20-03-25,57.5586
21-03-25,58.0665
24-03-25,58.7871
25-03-25,57.924
26-03-25,57.717
27-03-25,58.5923
28-03-25,58.227
31-03-25,58.2266
01-04-25,57.6075
02-04-25,58.2671
03-04-25,58.2857
04-04-25,56.7761
07-04-25,55.004
08-04-25,56.16
09-04-25,56.0285
11-04-25,56.7736
15-04-25,58.5245
16-04-25,58.9157
17-04-25,59.3375
21-04-25,60.3986
22-04-25,60.5293
23-04-25,60.9455
24-04-25,60.8538
25-04-25,59.3892
28-04-25,60.0616
29-04-25,59.9217
30-04-25,59.5675
02-05-25,59.4987
05-05-25,60.3996
06-05-25,58.9388
07-05-25,59.226
08-05-25,57.9567
09-05-25,57.741
12-05-25,60.0969
13-05-25,60.091
14-05-25,60.5288
15-05-25,61.1614
16-05-25,61.9478
19-05-25,62.2483
20-05-25,61.1028
21-05-25,61.8168
22-05-25,61.6113
23-05-25,61.9759
26-05-25,62.2301
27-05-25,62.0621
28-05-25,61.882
29-05-25,61.9714
30-05-25,61.6638
02-06-25,61.9201
03-06-25,61.5797
04-06-25,61.7591
05-06-25,62.0174
06-06-25,62.804
09-06-25,63.588
10-06-25,63.6605
11-06-25,63.5206
12-06-25,62.3799
13-06-25,61.8763
16-06-25,62.33
17-06-25,61.8903
18-06-25,61.698
19-06-25,60.8242
20-06-25,61.6511
23-06-25,61.6963
24-06-25,62.2514
25-06-25,62.5461
26-06-25,63.1217
27-06-25,63.5084
30-06-25,63.7759
01-07-25,63.7126
02-07-25,63.527
03-07-25,63.1812
04-07-25,63.4132
07-07-25,63.5205
08-07-25,63.5134
09-07-25,63.4751
10-07-25,63.3317
11-07-25,62.8157
14-07-25,63.11
15-07-25,63.5175
16-07-25,63.6491
17-07-25,63.5015
18-07-25,63.06
21-07-25,63.3175
22-07-25,63.0867
23-07-25,63.195
24-07-25,63.0514
25-07-25,62.099
28-07-25,61.7583
29-07-25,62.3339
30-07-25,62.3847
31-07-25,62.0966
01-08-25,61.285
04-08-25,61.9847
05-08-25,61.8483
06-08-25,61.3108
07-08-25,61.4553
08-08-25,60.6952
11-08-25,61.4047
12-08-25,61.3484
13-08-25,61.7311
14-08-25,61.6371
18-08-25,62.4699
19-08-25,62.9392
20-08-25,63.1763
21-08-25,63.006
22-08-25,62.6105
25-08-25,62.7929
26-08-25,61.9503
28-08-25,61.1546
29-08-25,60.9741
01-09-25,61.8279
02-09-25,62.1487
03-09-25,62.5602
04-09-25,62.271
05-09-25,62.213
08-09-25,62.4671
09-09-25,62.5542
10-09-25,62.825
11-09-25,63.029
12-09-25,63.2317
15-09-25,63.6095
16-09-25,63.9772
17-09-25,64.1124
18-09-25,64.2855
19-09-25,64.6578
22-09-25,64.8734
23-09-25,64.5775
24-09-25,63.8031
25-09-25,63.3262
26-09-25,62.2623
29-09-25,62.8551
30-09-25,62.864
01-10-25,63.0879
03-10-25,63.3363
06-10-25,63.5526
07-10-25,63.6271
08-10-25,63.1349
09-10-25,63.4867
10-10-25,63.6409
13-10-25,63.5312
14-10-25,63.1961
15-10-25,64.0346
16-10-25,64.3488
17-10-25,64.2562
20-10-25,64.3426
23-10-25,64.3312
24-10-25,64.2691
27-10-25,64.5214
28-10-25,64.1933
29-10-25,65.101
30-10-25,64.9563
31-10-25,64.7174
03-11-25,65.3294
04-11-25,65.0392
06-11-25,64.233
07-11-25,64.3002
10-11-25,64.5419
11-11-25,64.6304
12-11-25,64.7064
13-11-25,64.7464
14-11-25,64.6858
17-11-25,65.0243
18-11-25,64.5509
19-11-25,64.5434
20-11-25,64.4799
21-11-25,63.65
24-11-25,63.027
25-11-25,63.1887
26-11-25,64.1448
27-11-25,64.0335
28-11-25,64.0956
01-12-25,64.1715
02-12-25,64.1097
03-12-25,63.4103
04-12-25,63.5578
05-12-25,63.6954
08-12-25,62.3904
09-12-25,62.7622
10-12-25,62.6392
11-12-25,62.9786
12-12-25,63.5063
15-12-25,63.6094
16-12-25,63.3447
17-12-25,63.1032
18-12-25,62.8746
19-12-25,63.3817
22-12-25,63.8105
23-12-25,64.0449
24-12-25,63.9157
26-12-25,63.9183
29-12-25,63.6187
30-12-25,63.645
31-12-25,64.2902
01-01-26,64.5776
02-01-26,65.2637
05-01-26,65.2592
06-01-26,65.4331
07-01-26,65.5143
08-01-26,64.1297
09-01-26,63.4771
12-01-26,63.6671
13-01-26,63.5028
14-01-26,63.7477
16-01-26,63.8123
19-01-26,63.6589
20-01-26,62.1931
21-01-26,61.9643
22-01-26,62.6379
23-01-26,61.4064
27-01-26,61.8131
28-01-26,63.2087
29-01-26,63.3972
30-01-26,62.8783
02-02-26,62.1666
03-02-26,63.807
04-02-26,64.2223
05-02-26,63.9197
06-02-26,64.0166
09-02-26,64.6356
10-02-26,64.7278
